_key,_id,_from,_to,_rev,destinationGlobalID,esri__rtn,globalid,namePropertySearchRT1,namePropertySearchRT3,objectid,originGlobalID
esri__searchable_relationship_1,esri__single_edge_collection/esri__searchable_relationship_1,Brewery/262497,nuclear_facilities/3,_dMtPKfC--4,{AA773C3B-ACFE-4475-9C4C-0E341F3728D1},searchable_relationship,{3192938D-9E54-454F-AE87-AB289BC488B1},"Well, that's a big surprise.",United States,1,{F11A716F-1776-46BF-8768-023B8E998F1D}
esri__searchable_relationship_2,esri__single_edge_collection/esri__searchable_relationship_2,Brewery/264067,Style/260710,_dMtPKf--AR,{89B3AA9A-6655-492E-BD11-B9845293D2BD},searchable_relationship,{D2D7CBF5-DA7F-4897-A914-F7E385651A5C},Is this bridge made of wood?,United States,2,{F68AD498-2822-4644-BF11-47BFAFD36F92}
esri__searchable_relationship_3,esri__single_edge_collection/esri__searchable_relationship_3,Brewery/262029,Style/260686,_dMtPKey-AB,{00E9C3BC-AEC7-4EFC-8031-05A649A6821E},searchable_relationship,{B17C4E82-263D-4462-BC8E-DD8D892DB83D},Can we stop pretending to like kale?,Belgium,3,{791077D3-903F-4B87-A409-AD38AB66A677}
esri__searchable_relationship_4,esri__single_edge_collection/esri__searchable_relationship_4,Brewery/261499,Style/260591,_dMtPKfC--6,{991B6A5E-52FB-409D-ADB0-E66920649425},searchable_relationship,{D6625540-3D95-4A56-ACC8-517F5C5D31A5},Don't slutshame people.,United States,4,{246427EE-BA02-419C-9727-A9043F398856}
esri__searchable_relationship_5,esri__single_edge_collection/esri__searchable_relationship_5,Brewery/260764,Style/260627,_dMtPKfC--7,{78A9F2EA-C9D6-4FEF-BFFC-D6593D418BAA},searchable_relationship,{AD715468-7F21-41E7-9A9D-D4358E9C7EE1},United States,Portugal,5,{FC2CA0CE-717C-4312-8838-718777C7F67E}
esri__searchable_relationship_6,esri__single_edge_collection/esri__searchable_relationship_6,Brewery/264373,Style/260396,_dMtPKfC--8,{1318D05B-6BD0-4CEB-AB5E-D3208F321777},searchable_relationship,{2FE64116-F1E1-4B81-BA28-BDC694414F4E},The train does not leave at 8AM.,My shoes are bigger than yours.,6,{27DF9DB2-0324-4A03-8805-325F3D4E4185}
esri__searchable_relationship_7,esri__single_edge_collection/esri__searchable_relationship_7,Brewery/263067,Style/260710,_dMtPKfC--9,{89B3AA9A-6655-492E-BD11-B9845293D2BD},searchable_relationship,{2BD55B91-5215-4C53-848E-2858A7DD69C6},France,Did I tell you I saw a big rat in the kitchen?,7,{2442ED9B-88A0-4F84-A53B-8CD2D4995D2A}
esri__searchable_relationship_8,esri__single_edge_collection/esri__searchable_relationship_8,Brewery/260797,Style/260567,_dMtPKey-A9,{582D1F33-6408-4AF7-B5F0-62BDBCE273AB},searchable_relationship,{6909E63C-1102-4E45-A159-508413E08E1A},Blue candies are more tasty than orange candies.,Belgium,8,{E6F5E026-C09B-4F2C-A2BD-FB236220458C}
esri__searchable_relationship_9,esri__single_edge_collection/esri__searchable_relationship_9,Brewery/262002,Style/260558,_dMtPKf--BR,{07FFF0A3-181D-4D31-99E0-7C206B189E8B},searchable_relationship,{9AB2F29A-779D-41DA-889E-091CB72119F3},You are like a ghost.,Belgium,9,{8897061C-4D47-4D32-9C8C-F3EF1FFAD706}
esri__searchable_relationship_10,esri__single_edge_collection/esri__searchable_relationship_10,Brewery/262335,Style/260336,_dMtPKey-Av,{5721CF73-6527-4BA1-A108-387A1A41E2CC},searchable_relationship,{BE218673-317F-4BBF-9A68-FDA59F48F516},United States,Belgium,10,{0905E4CB-8F6D-4D23-B14C-A9F61596968C}
esri__searchable_relationship_11,esri__single_edge_collection/esri__searchable_relationship_11,Brewery/262872,Style/260606,_dMtPKfC-_-,{920230B9-5324-42E3-BD76-D646CCC253A9},searchable_relationship,{FE6FED3C-6C0E-46FD-B719-FD996091E773},Portugal,Portugal,11,{2B2208E6-353E-4C5F-AAF4-5D08720D833B}
esri__searchable_relationship_12,esri__single_edge_collection/esri__searchable_relationship_12,Brewery/261526,Style/260408,_dMtPKfC-__,{115D4024-E3BB-4DCF-AEAF-480BE6CBE848},searchable_relationship,{4D704E46-F560-4660-99EE-86614D565B65},United States,United States,12,{7C338E6C-EA71-45DC-AACB-AE9375868BE7}
esri__searchable_relationship_13,esri__single_edge_collection/esri__searchable_relationship_13,Brewery/261987,nuclear_facilities/4,_dMtPKey-_U,{39B72D9B-5231-421C-A5B5-CAD28CDC439B},searchable_relationship,{EA0BC928-F539-4DA5-8C0A-65936D297F03},The market is big.,Germany,13,{EA957358-8276-4A67-90C9-3B188BC56434}
esri__searchable_relationship_14,esri__single_edge_collection/esri__searchable_relationship_14,Brewery/261121,Style/260695,_dMtPKfC-_A,{AE26CF4F-188C-4E0C-AB75-133117932779},searchable_relationship,{27893871-B6B3-4BA3-B552-117269048A82},I don't know where my list of friends went to invite them to my birthday party.,I can't wait to eat dinner!,14,{237F3BA9-53AF-4111-A01A-9F88A86DBE65}
esri__searchable_relationship_15,esri__single_edge_collection/esri__searchable_relationship_15,Brewery/262839,Style/260582,_dMtPKe6-AC,{262FE051-FD9C-414E-8150-6B0C6AC76892},searchable_relationship,{D124FC5A-1994-4378-8366-E008DA048E18},You have a big family right?,Canada,15,{DEE8A2E3-0F33-4A6B-A755-2D649A51525E}
esri__searchable_relationship_16,esri__single_edge_collection/esri__searchable_relationship_16,Brewery/261208,Style/260713,_dMtPKe2-A7,{54F6DB54-E528-4E65-84A1-493B71F0651A},searchable_relationship,{86AE0D32-0E1E-4022-8EDC-C475B2BFE50B},This is the biggest bookstore in town.,A red jacket compliments any outfit.,16,{7A9B6A74-E3D9-4C15-8885-2D4CD9A422EA}
esri__searchable_relationship_17,esri__single_edge_collection/esri__searchable_relationship_17,Brewery/262785,Style/260354,_dMtPKfC-_B,{05A6157D-7EDF-4719-ACCB-1DCA6F7FBE0B},searchable_relationship,{6D14C66B-9214-4438-8B2C-68EBA60F94CB},United States,United Kingdom,17,{CF699AE8-2E1E-4284-B8E2-2FAAB30AEE9F}
esri__searchable_relationship_18,esri__single_edge_collection/esri__searchable_relationship_18,Brewery/262944,Style/260411,_dMtPKfC-_D,{CFFF659C-029E-499B-ABD4-0868D4F3517C},searchable_relationship,{293009F6-E1BA-42D4-B992-7CF53B02E500},United States,Canada,18,{71C487AE-21C9-47E6-BBE7-8B8318926DC5}
esri__searchable_relationship_19,esri__single_edge_collection/esri__searchable_relationship_19,Brewery/262704,Style/260731,_dMtPKey-_I,{B44B9774-D644-45F1-9E94-AF8DCEC952F8},searchable_relationship,{F1F27017-9976-4DF1-A26A-B8B7E2227F8C},United States,Your eyes are bigger than your stomach.,19,{D8547D6A-C4A4-49A2-B0CE-050A5E4D0FA1}
esri__searchable_relationship_20,esri__single_edge_collection/esri__searchable_relationship_20,Brewery/262515,Style/260336,_dMtPKe2--k,{5721CF73-6527-4BA1-A108-387A1A41E2CC},searchable_relationship,{A58EF2F1-C19C-4E07-A1D6-60F82608CDA7},Tom made a very big mistake didn't he?,United States,20,{F0FD274B-80A0-47C5-BB64-8A9A58EA3C7F}
esri__searchable_relationship_21,esri__single_edge_collection/esri__searchable_relationship_21,Brewery/264496,Style/260414,_dMtPKfC-_E,{48D263EE-8D16-4395-A58C-49366A283A61},searchable_relationship,{A58403B9-8559-419F-A142-AE22C177A53A},Do you want a sandwich?,Good heavens you’ve grown!,21,{C23C8068-E44C-4656-93A8-5E54FB26E0B5}
esri__searchable_relationship_22,esri__single_edge_collection/esri__searchable_relationship_22,Brewery/263519,nuclear_facilities/3,_dMtPKf--B-,{AA773C3B-ACFE-4475-9C4C-0E341F3728D1},searchable_relationship,{545FCDB9-4E92-4E5F-A6EB-2F811A458D09},United States,Would you like to go out and get something to eat?,22,{CDCAB3C2-9599-46E3-8709-F57A329CDBC6}
esri__searchable_relationship_23,esri__single_edge_collection/esri__searchable_relationship_23,Brewery/261565,Style/260327,_dMtPKfC--Y,{DE46E5CA-C265-4EED-AAD4-A4CFA48D169F},searchable_relationship,{02285C49-65BE-4131-9FC0-D4867D056F9C},This box is not as big as that one.,Canada,23,{CF75935B-20C9-45FF-8C42-86D59F9A3601}
esri__searchable_relationship_24,esri__single_edge_collection/esri__searchable_relationship_24,Brewery/264358,Style/260423,_dMtPKe2-Aa,{5259545C-F681-48B7-8A05-77502B8E09C0},searchable_relationship,{6156B936-6243-410C-845E-80A710E74053},You are so disgraceful I can't even believe it!,Portugal,24,{B3523293-AB2D-402E-BDAF-9F6D00BD35D3}
esri__searchable_relationship_25,esri__single_edge_collection/esri__searchable_relationship_25,Brewery/264733,Style/260396,_dMtPKfC-_F,{1318D05B-6BD0-4CEB-AB5E-D3208F321777},searchable_relationship,{B91DDB2F-1B11-4820-9BC5-D57015EB1AAB},You are so tan.,When do you open the door?,25,{2AA2441D-672B-4730-8C74-E773BEF7AAFA}
esri__searchable_relationship_26,esri__single_edge_collection/esri__searchable_relationship_26,Brewery/260854,Style/260749,_dMtPKfC-_G,{60FBC4F2-EFE5-4F6B-9274-083AC45CB0B2},searchable_relationship,{35203B9A-6A83-485D-8496-C0677EBC8A03},What about you?,What do you see?,26,{CE8D9A0E-5E3C-4C99-BEE8-203D263258F6}
esri__searchable_relationship_27,esri__single_edge_collection/esri__searchable_relationship_27,Brewery/264025,Style/260354,_dMtPKf--_h,{05A6157D-7EDF-4719-ACCB-1DCA6F7FBE0B},searchable_relationship,{06B94114-8E08-469C-B1ED-2BEB7A96E287},Hold on I need at least a few minutes!,No problem !That's all !Time is up,27,{E029D0D5-B821-451A-90F7-80DC290A483B}
esri__searchable_relationship_28,esri__single_edge_collection/esri__searchable_relationship_28,Brewery/262770,Style/260686,_dMtPKfC-_H,{00E9C3BC-AEC7-4EFC-8031-05A649A6821E},searchable_relationship,{12EDB585-55BF-4DDC-A43C-DDEC8BB94EC4},United States,United States,28,{E03FE709-70B7-4EE5-B9E0-7590CF9518C4}
esri__searchable_relationship_29,esri__single_edge_collection/esri__searchable_relationship_29,Brewery/263495,Style/260737,_dMtPKfC---,{A8AB76CB-11AB-4E60-A306-C235BC77F976},searchable_relationship,{56E94213-0E7E-444F-84AE-B2C8D0CFB926},Ireland,Belgium,29,{90F8FDB2-A7F2-434C-A82D-FDFB42AE4E37}
esri__searchable_relationship_30,esri__single_edge_collection/esri__searchable_relationship_30,Brewery/262761,Style/260441,_dMtPKfC-_J,{2359EFDE-4D51-4559-9DBA-3554221B9E36},searchable_relationship,{F06131D2-116A-40E2-9CA6-48BB050EF83A},United States,quick trip back to Tennessee for the weekend!,30,{38FC102F-5631-454F-B863-D966CDB062B1}
esri__searchable_relationship_31,esri__single_edge_collection/esri__searchable_relationship_31,Brewery/264208,Style/260579,_dMtPKfC-_K,{FB84A4C9-69CC-445E-A408-9A41373648C0},searchable_relationship,{17662198-EBEA-49B5-95A8-EFCB662869FE},Germany,Have you seen him?,31,{4F787B05-E576-4F3D-9ADC-ED48CC239851}
esri__searchable_relationship_32,esri__single_edge_collection/esri__searchable_relationship_32,Brewery/261361,Style/260414,_dMtPKfC--u,{48D263EE-8D16-4395-A58C-49366A283A61},searchable_relationship,{4DBA511E-3F4E-4C3A-8B94-D9E242986D8A},You're going to owe me a big favor.,Hurry up I'm not getting any younger!,32,{C5D55BCE-6AB1-4A3C-AB32-362EA720A3D9}
esri__searchable_relationship_33,esri__single_edge_collection/esri__searchable_relationship_33,Brewery/260962,Style/260333,_dMtPKf---M,{AEB42243-2E69-40F5-BCDB-5ED77A388037},searchable_relationship,{C8A9CA8B-4555-40B9-9074-9CDE8BFFACB8},Belgium,Belgium,33,{E4F536BB-C4A6-4961-B638-D02BAEE2F014}
esri__searchable_relationship_34,esri__single_edge_collection/esri__searchable_relationship_34,Brewery/264241,Style/260570,_dMtPKf---l,{616EE94E-E0A2-42D5-86F5-C18BD226A1E6},searchable_relationship,{D70AA7F5-47F9-4443-9F57-B3D704185E10},United States,United States,34,{C0F0D0E7-85F8-46F2-A3F8-A511A297D22B}
esri__searchable_relationship_35,esri__single_edge_collection/esri__searchable_relationship_35,Brewery/264415,Style/260471,_dMtPKfC-_L,{8D868F48-6AD8-452A-A3F0-C3D1FD0AAE2E},searchable_relationship,{45CC45BB-0D59-48BB-88FC-974C17AE1106},United States,Belgium,35,{BBDED9A4-CFEB-4B87-9B08-C6BB6990233D}
esri__searchable_relationship_36,esri__single_edge_collection/esri__searchable_relationship_36,Brewery/262311,Style/260737,_dMtPKfC-_M,{A8AB76CB-11AB-4E60-A306-C235BC77F976},searchable_relationship,{97E66031-4FF2-4E32-AA1E-0A7073F83236},The teacher tested us in English.,United Kingdom,36,{A94C8610-5B7B-470F-9AB1-9000AEC0B610}
esri__searchable_relationship_37,esri__single_edge_collection/esri__searchable_relationship_37,Brewery/264763,Style/260396,_dMtPKf--_M,{1318D05B-6BD0-4CEB-AB5E-D3208F321777},searchable_relationship,{F190027A-F3C4-4EC3-A8B1-F69A3A7A455E},The devil made me do it!,Of course it traumatized me.,37,{C683AB04-8E90-4423-88AD-3AD17F53EC60}
esri__searchable_relationship_38,esri__single_edge_collection/esri__searchable_relationship_38,Brewery/264019,Style/260713,_dMtPKf---8,{54F6DB54-E528-4E65-84A1-493B71F0651A},searchable_relationship,{84A5C0C7-BD66-4C11-BCF1-AA2CD897E21F},United States,I’ll buy you a drink.,38,{4DA12A13-8CC2-4016-8BCA-B813135617C3}
esri__searchable_relationship_39,esri__single_edge_collection/esri__searchable_relationship_39,Brewery/264577,Style/260627,_dMtPKfC-_N,{78A9F2EA-C9D6-4FEF-BFFC-D6593D418BAA},searchable_relationship,{65CAEFB0-C383-4CA9-BEF9-52C7B2D5C7DA},Portugal,Canada,39,{44F92146-D77D-45C9-A303-5C6416046FFD}
esri__searchable_relationship_40,esri__single_edge_collection/esri__searchable_relationship_40,Brewery/262119,Style/260408,_dMtPKey-_S,{115D4024-E3BB-4DCF-AEAF-480BE6CBE848},searchable_relationship,{6B9B724B-AF81-4AF1-A3C0-E15B2AEC390F},"Shape up, or ship out!",United States,40,{4B7F0922-C48E-4AF5-A84E-E4505F3CADC1}
esri__searchable_relationship_41,esri__single_edge_collection/esri__searchable_relationship_41,Brewery/262755,Style/260731,_dMtPKe2-_r,{B44B9774-D644-45F1-9E94-AF8DCEC952F8},searchable_relationship,{154FAF0D-CA96-419B-8B8D-37A4066DEE36},Netherlands,United States,41,{17F28FDF-1845-49F3-9249-14488DDBBE3A}
esri__searchable_relationship_42,esri__single_edge_collection/esri__searchable_relationship_42,Brewery/263561,Style/260528,_dMtPKe6-_x,{913B20D8-28A5-45B9-9A2E-86FC4F1D325F},searchable_relationship,{CAED7C92-F1FB-4D84-9C8E-FEC0B82026A0},It’s fascinating that you know all the planets.,Brazil,42,{02C5F7CE-28DD-411F-8697-8CDF7A67207E}
esri__searchable_relationship_43,esri__single_edge_collection/esri__searchable_relationship_43,Brewery/263246,Style/260441,_dMtPKfC-_P,{2359EFDE-4D51-4559-9DBA-3554221B9E36},searchable_relationship,{8ED84674-F9B7-4D8F-AA48-2BBA2D81E23F},What do you do for Thanksgiving?,Germany,43,{EF55ADCF-5567-4285-8064-93CC06C62604}
esri__searchable_relationship_44,esri__single_edge_collection/esri__searchable_relationship_44,Brewery/262050,Style/260567,_dMtPKf---G,{582D1F33-6408-4AF7-B5F0-62BDBCE273AB},searchable_relationship,{B7637B63-2A83-411F-AF92-6D5DB34316A1},Portugal,"Don’t worry, be happy!",44,{F33CB0AF-D468-47E1-A8A2-D6F8BDF53FCA}
esri__searchable_relationship_45,esri__single_edge_collection/esri__searchable_relationship_45,Brewery/264658,Style/260342,_dMtPKey-_r,{1FE1ED17-03BA-4784-AC55-9E0B4668BA7A},searchable_relationship,{57C0E364-67F2-40FB-8EC2-8D0F106C4107},Good gracious! Ridiculous!,Portugal,45,{80D0BE96-1D44-4795-8251-91B98C9FF939}
esri__searchable_relationship_46,esri__single_edge_collection/esri__searchable_relationship_46,Brewery/262020,Style/260342,_dMtPKf---I,{1FE1ED17-03BA-4784-AC55-9E0B4668BA7A},searchable_relationship,{B880D628-B8AF-4647-B452-2AF75A017FB8},United States,Portugal,46,{B767A6A0-6D1F-424E-A40B-2A7BD98237EE}
esri__searchable_relationship_47,esri__single_edge_collection/esri__searchable_relationship_47,Brewery/262074,Style/260591,_dMtPKey-BS,{991B6A5E-52FB-409D-ADB0-E66920649425},searchable_relationship,{B645D687-C7AA-408C-BDB5-3CA5F7C87A20},I’m not opening the door?,Hummers are big gas guzzlers.,47,{98D2A73C-DA87-40CB-8C96-7728DAFF3C0D}
esri__searchable_relationship_48,esri__single_edge_collection/esri__searchable_relationship_48,Brewery/260926,Style/260471,_dMtPKfC--H,{8D868F48-6AD8-452A-A3F0-C3D1FD0AAE2E},searchable_relationship,{3CA94C2D-8226-41CC-A4C6-EC53581609B9},Belgium,United States,48,{7E1AA423-38C3-4FF0-B8EF-098FD47D0C6A}
esri__searchable_relationship_49,esri__single_edge_collection/esri__searchable_relationship_49,Brewery/263052,Style/260579,_dMtPKe6-_0,{FB84A4C9-69CC-445E-A408-9A41373648C0},searchable_relationship,{7BE02A91-AF9C-4D3C-814D-426ABBEE77E7},What a big dog that is!,United States,49,{14292B22-C0FC-42C4-95A2-820034534E28}
esri__searchable_relationship_50,esri__single_edge_collection/esri__searchable_relationship_50,Brewery/262257,nuclear_facilities/2,_dMtPKf--_a,{AFF91030-B1F7-4D81-B34F-3835A4E96A02},searchable_relationship,{E65F0179-FA77-4283-9C23-A957540BDDD2},I just walked on thee coolest pillow.,Never do that again or I won't be your friend!,50,{FE7830E0-8C46-45B7-9826-3969D21D776E}
esri__searchable_relationship_51,esri__single_edge_collection/esri__searchable_relationship_51,Brewery/262623,nuclear_facilities/1,_dMtPKfC-_Q,{B0980766-030D-4598-9C45-4CF4A0DCE45A},searchable_relationship,{9DFA3268-CF95-4CC7-98BA-7F78F271D570},Belgium,You're so basic!,51,{AB140F48-A059-4873-B021-88B256715488}
esri__searchable_relationship_52,esri__single_edge_collection/esri__searchable_relationship_52,Brewery/264721,Style/260737,_dMtPKey-_C,{A8AB76CB-11AB-4E60-A306-C235BC77F976},searchable_relationship,{4EE3BCFB-883A-4983-BDF1-8E9837B495F9},Germany,United States,52,{33C6B861-10F3-4FA4-9D28-B14135F1A5FC}
esri__searchable_relationship_53,esri__single_edge_collection/esri__searchable_relationship_53,Brewery/261831,Style/260591,_dMtPKf---y,{991B6A5E-52FB-409D-ADB0-E66920649425},searchable_relationship,{1A4B4723-0099-470D-B3AC-E1C6F0CDC565},Look at me right now I'm about to fall!,Canada,53,{97614D62-C668-48F3-9EF4-DFFA119BEDC9}
esri__searchable_relationship_54,esri__single_edge_collection/esri__searchable_relationship_54,Brewery/264583,nuclear_facilities/1,_dMtPKf---v,{B0980766-030D-4598-9C45-4CF4A0DCE45A},searchable_relationship,{AE0D5A30-92D4-4D40-A329-466E7D426841},Here he comes to save the day!,There are no dogs bigger than this one.,54,{CD873BE7-15B9-4F10-A0B1-571BC50F9053}
esri__searchable_relationship_55,esri__single_edge_collection/esri__searchable_relationship_55,Brewery/263885,nuclear_facilities/2,_dMtPKf--_c,{AFF91030-B1F7-4D81-B34F-3835A4E96A02},searchable_relationship,{30F7371E-66AC-48B1-AD0C-9C5F256B2B29},United States,Canada,55,{89C1EC59-B2BD-4ECB-97EB-104A7D3266F1}
esri__searchable_relationship_56,esri__single_edge_collection/esri__searchable_relationship_56,Brewery/263474,Style/260342,_dMtPKf--_f,{1FE1ED17-03BA-4784-AC55-9E0B4668BA7A},searchable_relationship,{EB5F4665-994C-4DCB-A860-05B2A6D1541F},Canada,"That would be a really big surprise, wouldn't it?",56,{DFF62E4D-2CF1-49B1-B5BB-99B455EF8CCB}
esri__searchable_relationship_57,esri__single_edge_collection/esri__searchable_relationship_57,Brewery/263157,Style/260537,_dMtPKfC-_R,{9BCBDA11-8AB9-4476-855E-1E50125FC503},searchable_relationship,{78F65C6F-613B-4894-9EA0-F0875CBE0EAF},United States,United Kingdom,57,{6C52C6B4-F596-414F-853A-D5156BE97270}
esri__searchable_relationship_58,esri__single_edge_collection/esri__searchable_relationship_58,Brewery/263444,Style/260749,_dMtPKfC-_S,{60FBC4F2-EFE5-4F6B-9274-083AC45CB0B2},searchable_relationship,{4535C0E6-8DD1-4335-B429-E737BF5EA4E2},Canada,Never do that again or I won't be your friend!,58,{CF498F63-457A-487D-A5CA-8E3261C5387B}
esri__searchable_relationship_59,esri__single_edge_collection/esri__searchable_relationship_59,Brewery/264610,nuclear_facilities/2,_dMtPKfC-_U,{AFF91030-B1F7-4D81-B34F-3835A4E96A02},searchable_relationship,{1EBE32B2-FF97-44FD-BE42-ECA09E1AE076},What are you listening to?,Where do you come from?,59,{5A8A297B-6BBB-4B68-9EC3-CDDB0E9982A7}
esri__searchable_relationship_60,esri__single_edge_collection/esri__searchable_relationship_60,Brewery/261535,Style/260627,_dMtPKf--_t,{78A9F2EA-C9D6-4FEF-BFFC-D6593D418BAA},searchable_relationship,{1785F623-85B9-47E3-BC9A-6FB0330625D6},United States,Has he come to get you yet?,60,{94BD5752-CD98-4DF9-A851-8070E6F2301D}
esri__searchable_relationship_61,esri__single_edge_collection/esri__searchable_relationship_61,Brewery/264712,Style/260333,_dMtPKfC-_W,{AEB42243-2E69-40F5-BCDB-5ED77A388037},searchable_relationship,{D388E9B8-C7FA-4FC0-B8FD-4291017C9BA1},Help yourself.,Do you like spaghetti?,61,{4407B7F4-A643-4379-BBF5-FF48D29FC977}
esri__searchable_relationship_62,esri__single_edge_collection/esri__searchable_relationship_62,Brewery/261987,Style/260528,_dMtPKfC-_X,{913B20D8-28A5-45B9-9A2E-86FC4F1D325F},searchable_relationship,{EFB17629-B339-4F47-B27C-B4FBC10CEA83},Belgium,Would you like to have some coffee?,62,{EA957358-8276-4A67-90C9-3B188BC56434}
esri__searchable_relationship_63,esri__single_edge_collection/esri__searchable_relationship_63,Brewery/262278,Style/260603,_dMtPKfC-_Z,{EAF64D13-4196-4803-B427-3724624A0358},searchable_relationship,{EB7350BF-0CAC-4BEE-8D3A-E7FB06DF0C73},Germany,Australia,63,{0FF94F29-D407-49E1-BE0A-CD39F300FF0B}
esri__searchable_relationship_64,esri__single_edge_collection/esri__searchable_relationship_64,Brewery/261613,Style/260333,_dMtPKf--_V,{AEB42243-2E69-40F5-BCDB-5ED77A388037},searchable_relationship,{53825199-5CEB-4480-A7FB-4BF871C60808},Belgium,Don’t worry be happy!,64,{F0C70D7B-670F-4A3A-BF78-CA0C85C1BA20}
esri__searchable_relationship_65,esri__single_edge_collection/esri__searchable_relationship_65,Brewery/261184,Style/260618,_dMtPKfC-_a,{BF7B71EB-8DA7-4FC5-86A6-556938D364B4},searchable_relationship,{B8E94649-CCE5-408A-84EB-7BD29E22057C},United States,Belgium,65,{78A59053-AC22-4BDD-A5B5-931EF948688F}
esri__searchable_relationship_66,esri__single_edge_collection/esri__searchable_relationship_66,Brewery/262827,Style/260396,_dMtPKfC-_b,{1318D05B-6BD0-4CEB-AB5E-D3208F321777},searchable_relationship,{6A091527-64AC-46E4-9C54-55DFA639399E},Portugal,Mind your own business!,66,{DAB91F3E-A254-4BCE-B0B2-6603408546F9}
esri__searchable_relationship_67,esri__single_edge_collection/esri__searchable_relationship_67,Brewery/261169,Style/260692,_dMtPKey--6,{8BB50328-5D7C-4DC6-B333-199A30879C04},searchable_relationship,{D3528461-C62F-4BB5-9D6F-CCE6DCDE383E},Austria,He never wants to go on a rollercoaster again!,67,{FF4CD3C6-5393-407F-9583-70EF0D90E5C2}
esri__searchable_relationship_68,esri__single_edge_collection/esri__searchable_relationship_68,Brewery/264025,Style/260627,_dMtPKfC-_c,{78A9F2EA-C9D6-4FEF-BFFC-D6593D418BAA},searchable_relationship,{377C0C91-CF63-4276-BB3C-AE53352B6A93},I am doing just wonderful!,Chances are that you won’t do well if you don’t study.,68,{E029D0D5-B821-451A-90F7-80DC290A483B}
esri__searchable_relationship_69,esri__single_edge_collection/esri__searchable_relationship_69,Brewery/264100,Style/260567,_dMtPKe2-_n,{582D1F33-6408-4AF7-B5F0-62BDBCE273AB},searchable_relationship,{754823D3-2274-4379-878C-6CBD22B3D6EB},Belgium,Canada,69,{A6429C4D-E220-40F5-AE1F-A3BF720BC361}
esri__searchable_relationship_70,esri__single_edge_collection/esri__searchable_relationship_70,Brewery/260881,Style/260558,_dMtPKe6-_u,{07FFF0A3-181D-4D31-99E0-7C206B189E8B},searchable_relationship,{40F050FA-A23A-4DF0-95CD-AA06F5652370},The gum was stuck under the desk and I couldn't get it off.,United States,70,{6490E304-392B-451F-B545-DDAF40D95C3B}
esri__searchable_relationship_71,esri__single_edge_collection/esri__searchable_relationship_71,Brewery/262245,Style/260537,_dMtPKfC-_d,{9BCBDA11-8AB9-4476-855E-1E50125FC503},searchable_relationship,{26FF3F75-AE40-4481-A63B-D88E2FA9AF3A},Sometimes I get confused where the ball went.,I am doing just wonderful!,71,{D8C33D6C-077B-42DF-A717-337CC6214800}
esri__searchable_relationship_72,esri__single_edge_collection/esri__searchable_relationship_72,Brewery/264034,Style/260537,_dMtPKe6-AI,{9BCBDA11-8AB9-4476-855E-1E50125FC503},searchable_relationship,{9AE2EA60-ADF8-4FFA-9FDD-F91E8CCA8E69},Very good job I am so proud of you!,What do you do for Thanksgiving?,72,{74945FDB-BA29-43BC-8141-CF7275D0BDC9}
esri__searchable_relationship_73,esri__single_edge_collection/esri__searchable_relationship_73,Brewery/263106,Style/260327,_dMtPKe6-_p,{DE46E5CA-C265-4EED-AAD4-A4CFA48D169F},searchable_relationship,{578E7F25-4F1C-4885-A007-7F774D7C3C1D},He reminds me of his brother.,Portugal,73,{5BBB1F86-5696-4468-84C6-F28877615564}
esri__searchable_relationship_74,esri__single_edge_collection/esri__searchable_relationship_74,Brewery/261250,nuclear_facilities/1,_dMtPKfC-_e,{B0980766-030D-4598-9C45-4CF4A0DCE45A},searchable_relationship,{568D7CA5-CD88-4C08-8717-1F42A155503C},United States,United States,74,{A2FB6B12-C4EC-41B9-AB49-F3A098DF5A0D}
esri__searchable_relationship_75,esri__single_edge_collection/esri__searchable_relationship_75,Brewery/264634,Style/260489,_dMtPKey-BN,{B4BFAFB9-2943-4F15-BDDD-A579568F91D4},searchable_relationship,{768488C7-B2D8-4796-BE22-A6873B7AE435},Germany,The ocean is my favorite view.,75,{8853267A-5984-4270-BD05-F13A28A728D0}
esri__searchable_relationship_76,esri__single_edge_collection/esri__searchable_relationship_76,Brewery/261292,Style/260342,_dMtPKfC-_f,{1FE1ED17-03BA-4784-AC55-9E0B4668BA7A},searchable_relationship,{1E98E04D-9B1A-4613-AB6C-41EFB1294FC4},She's okay.,Denmark,76,{D1CE7100-9479-4DD1-AFDE-F8C7C5923BEF}
esri__searchable_relationship_77,esri__single_edge_collection/esri__searchable_relationship_77,Brewery/262245,Style/260710,_dMtPKfC-_g,{89B3AA9A-6655-492E-BD11-B9845293D2BD},searchable_relationship,{72B56D00-664A-4791-B6E1-4767B90ECE84},United States,United States,77,{D8C33D6C-077B-42DF-A717-337CC6214800}
esri__searchable_relationship_78,esri__single_edge_collection/esri__searchable_relationship_78,Brewery/263765,Style/260695,_dMtPKe2-_p,{AE26CF4F-188C-4E0C-AB75-133117932779},searchable_relationship,{D988C311-1833-4193-82D9-6547285341B8},He threw up in the trash can!,Am I in the White House?,78,{F35EDD56-10BA-45EB-8784-B7FF7F270BC7}
esri__searchable_relationship_79,esri__single_edge_collection/esri__searchable_relationship_79,Brewery/262827,Style/260737,_dMtPKfC-_h,{A8AB76CB-11AB-4E60-A306-C235BC77F976},searchable_relationship,{6CB31F92-42A3-49B5-8278-36272873CAB6},United States,Where are you going to?,79,{DAB91F3E-A254-4BCE-B0B2-6603408546F9}
esri__searchable_relationship_80,esri__single_edge_collection/esri__searchable_relationship_80,Brewery/262026,Style/260414,_dMtPKfC-_i,{48D263EE-8D16-4395-A58C-49366A283A61},searchable_relationship,{0ACB6F2B-5423-4833-8393-202F670428B8},What should you do if you find a big spider on your bed?,United States,80,{437CA868-A15D-481A-A03D-4CD9E11907EB}
esri__searchable_relationship_81,esri__single_edge_collection/esri__searchable_relationship_81,Brewery/264646,Style/260471,_dMtPKfC-_j,{8D868F48-6AD8-452A-A3F0-C3D1FD0AAE2E},searchable_relationship,{C201465A-878F-486F-B8F2-CBB834FBB974},"Very good job, I am so proud of you!",When did you open the door?,81,{FA773BDD-1C6A-4473-9EE2-05DF03AF04D2}
esri__searchable_relationship_82,esri__single_edge_collection/esri__searchable_relationship_82,Brewery/264466,Style/260495,_dMtPKf--BZ,{B61EA26A-895D-4F8E-8909-F0BDE5264A80},searchable_relationship,{2439B928-2D49-49C9-988E-630BE3092834},Let's go shopping.,United Kingdom,82,{8C0F50EA-2E35-4077-9E10-D78997E1DACF}
esri__searchable_relationship_83,esri__single_edge_collection/esri__searchable_relationship_83,Brewery/262785,Style/260570,_dMtPKfC-_k,{616EE94E-E0A2-42D5-86F5-C18BD226A1E6},searchable_relationship,{C18A3851-B842-4F48-AA90-CC76C30F9141},United States,Canada,83,{CF699AE8-2E1E-4284-B8E2-2FAAB30AEE9F}
esri__searchable_relationship_84,esri__single_edge_collection/esri__searchable_relationship_84,Brewery/261292,Style/260441,_dMtPKey--M,{2359EFDE-4D51-4559-9DBA-3554221B9E36},searchable_relationship,{73C7F018-1D36-4AAA-838F-DF22A4E545D4},Do you have a good example?,they make wonderful walking buddies.,84,{D1CE7100-9479-4DD1-AFDE-F8C7C5923BEF}
esri__searchable_relationship_85,esri__single_edge_collection/esri__searchable_relationship_85,Brewery/262341,Style/260495,_dMtPKfC-_l,{B61EA26A-895D-4F8E-8909-F0BDE5264A80},searchable_relationship,{C519A2BA-5935-4CB5-899C-733A654BF4E6},United States,How big you are!,85,{7AB42B7B-AB70-4ED5-83AC-DDFDFBE43B7E}
esri__searchable_relationship_86,esri__single_edge_collection/esri__searchable_relationship_86,Brewery/263246,Style/260731,_dMtPKfC--s,{B44B9774-D644-45F1-9E94-AF8DCEC952F8},searchable_relationship,{A8A8504E-E847-4C48-8C8D-86942610A7E1},Come on down!,Belgium,86,{EF55ADCF-5567-4285-8064-93CC06C62604}
esri__searchable_relationship_87,esri__single_edge_collection/esri__searchable_relationship_87,Brewery/261118,Style/260582,_dMtPKfC-_m,{262FE051-FD9C-414E-8150-6B0C6AC76892},searchable_relationship,{3EA98041-9978-4199-A3A0-F5AC43CDF70B},What did he tell you?,A big spider was spinning a web.,87,{181C2B09-0B64-4B8A-82F4-35FFFCF404F4}
esri__searchable_relationship_88,esri__single_edge_collection/esri__searchable_relationship_88,Brewery/260971,Style/260582,_dMtPKf--_G,{262FE051-FD9C-414E-8150-6B0C6AC76892},searchable_relationship,{FA109B45-C892-4AB5-92EB-24D508B794A6},Austria,Why not me?,88,{109938CB-D933-47CC-9D64-9063BDF634AC}
esri__searchable_relationship_89,esri__single_edge_collection/esri__searchable_relationship_89,Brewery/263588,Style/260749,_dMtPKey--2,{60FBC4F2-EFE5-4F6B-9274-083AC45CB0B2},searchable_relationship,{77F489C5-5CCA-4C08-9072-26AB2F4E5018},United Kingdom,United States,89,{5602937D-A85F-488C-B02E-A4A431332FFD}
esri__searchable_relationship_90,esri__single_edge_collection/esri__searchable_relationship_90,Brewery/262347,Style/260686,_dMtPKfC-_n,{00E9C3BC-AEC7-4EFC-8031-05A649A6821E},searchable_relationship,{ECF996B9-CB66-4F36-95A1-77B0CB892BDA},United States,Belgium,90,{50D702B8-FA17-4971-BBB4-167C5CB51AC3}
esri__searchable_relationship_91,esri__single_edge_collection/esri__searchable_relationship_91,Brewery/263792,Style/260399,_dMtPKfC-_o,{5191D9E0-1F36-4B10-8A9E-2741D6C5E12C},searchable_relationship,{2FA34CDF-BCAF-45BD-9426-DEC1BB395306},Canada,When did you open the door?,91,{EE506733-06E2-43F9-92B7-3A60ACD79DA2}
esri__searchable_relationship_92,esri__single_edge_collection/esri__searchable_relationship_92,Brewery/261619,Style/260513,_dMtPKfC-_p,{4D52100F-9366-45BA-95F4-33F7E04608BC},searchable_relationship,{1D47C1CA-0DB4-4BF6-8FCE-A216A78B1B52},What a big pumpkin!,I often wish for good luck and receive bad luck.,92,{9076CEFD-EDD3-4D32-8DD0-13A63DBCDC33}
esri__searchable_relationship_93,esri__single_edge_collection/esri__searchable_relationship_93,Brewery/263354,Style/260537,_dMtPKfC-_q,{9BCBDA11-8AB9-4476-855E-1E50125FC503},searchable_relationship,{5EF06A6A-F646-4E4B-AB1D-902C613F2E7B},Germany,I want to have my name taken off the list.,93,{A330F81C-A939-4444-B807-DEA9382821DD}
esri__searchable_relationship_94,esri__single_edge_collection/esri__searchable_relationship_94,Brewery/262716,Style/260399,_dMtPKfC-_r,{5191D9E0-1F36-4B10-8A9E-2741D6C5E12C},searchable_relationship,{633E4213-B8BE-4A0C-BCA3-28CC927E3883},Portugal,Portugal,94,{962ED78D-0A99-4C93-9B63-B85865A37B6F}
esri__searchable_relationship_95,esri__single_edge_collection/esri__searchable_relationship_95,Brewery/264463,nuclear_facilities/2,_dMtPKey--m,{AFF91030-B1F7-4D81-B34F-3835A4E96A02},searchable_relationship,{A0600B98-5C2F-4792-B3B0-29FDF54CF151},Al went to the animal shelter and got four cats!,United States,95,{B7349292-DE5E-47B2-9AA8-AD62ECC749A9}
esri__searchable_relationship_96,esri__single_edge_collection/esri__searchable_relationship_96,Brewery/261028,Style/260713,_dMtPKfC--R,{54F6DB54-E528-4E65-84A1-493B71F0651A},searchable_relationship,{B602CB13-1E91-4004-BFE7-837A51493AF1},United Kingdom,United Kingdom,96,{3F84C66C-BEFB-4343-8415-F7118382AFF2}
esri__searchable_relationship_97,esri__single_edge_collection/esri__searchable_relationship_97,Brewery/261828,Style/260489,_dMtPKfC-_s,{B4BFAFB9-2943-4F15-BDDD-A579568F91D4},searchable_relationship,{95424BD8-45F5-462A-AC30-79445B5C9CF9},pet pigs are cleaner than dogs.,United States,97,{75A63FA1-5DF4-446C-AB66-916E35BEFE96}
esri__searchable_relationship_98,esri__single_edge_collection/esri__searchable_relationship_98,Brewery/262551,Style/260695,_dMtPKfC-_t,{AE26CF4F-188C-4E0C-AB75-133117932779},searchable_relationship,{F8786321-83C4-471E-8F8D-4A719568AE98},Belgium,Anything else.,98,{98B97E0B-C4EB-4498-838A-98FC70A38FA3}
esri__searchable_relationship_99,esri__single_edge_collection/esri__searchable_relationship_99,Brewery/262515,Style/260692,_dMtPKfC-_u,{8BB50328-5D7C-4DC6-B333-199A30879C04},searchable_relationship,{83973170-5DCD-47C2-BE36-5DFB4208D9D8},Hand me the hammer!,United States,99,{F0FD274B-80A0-47C5-BB64-8A9A58EA3C7F}
esri__searchable_relationship_100,esri__single_edge_collection/esri__searchable_relationship_100,Brewery/264628,Style/260695,_dMtPKe6-_l,{AE26CF4F-188C-4E0C-AB75-133117932779},searchable_relationship,{41131BAE-9E22-4016-99BB-7AE046549FD7},Norway,What do you want to do when you grow up?,100,{774C8780-2707-4A40-91AD-4ED3C70779DB}
esri__searchable_relationship_101,esri__single_edge_collection/esri__searchable_relationship_101,Brewery/261094,Style/260567,_dMtPKf--AV,{582D1F33-6408-4AF7-B5F0-62BDBCE273AB},searchable_relationship,{A2DCD5CB-3005-47FD-ABAC-2BA49E46BDC7},Sweden,Belgium,101,{90D22566-D25B-46BE-8239-F65EE9DEB258}
esri__searchable_relationship_102,esri__single_edge_collection/esri__searchable_relationship_102,Brewery/261049,Style/260737,_dMtPKfC-_v,{A8AB76CB-11AB-4E60-A306-C235BC77F976},searchable_relationship,{949C282A-8F89-4319-9EB2-431245E01212},United States,United States,102,{484D7214-2141-4C88-9916-80773CAA9A29}
esri__searchable_relationship_103,esri__single_edge_collection/esri__searchable_relationship_103,Brewery/262806,Style/260411,_dMtPKfC-_w,{CFFF659C-029E-499B-ABD4-0868D4F3517C},searchable_relationship,{F8CFDF53-2AC6-4E33-B502-042D05D47F88},Buy four big potatoes for me.,Why don’t we go dancing?,103,{488C9546-8C6D-4E2E-9A36-843CBA5DFBE9}
esri__searchable_relationship_104,esri__single_edge_collection/esri__searchable_relationship_104,Brewery/261801,Style/260354,_dMtPKe2--5,{05A6157D-7EDF-4719-ACCB-1DCA6F7FBE0B},searchable_relationship,{B3095D5E-1470-4CD6-999C-4AB24CD7271F},Stand up and catch that ball!,United States,104,{8D283D02-A3BE-4722-9AE1-2C00385DBF04}
esri__searchable_relationship_105,esri__single_edge_collection/esri__searchable_relationship_105,Brewery/263055,Style/260603,_dMtPKfC-_x,{EAF64D13-4196-4803-B427-3724624A0358},searchable_relationship,{2C6A5D1F-3324-4505-83A1-FBB3AAB8E23A},We have bigger problems to worry about.,Belgium,105,{B9A40456-411A-4A9F-A4A4-2DC106F75DD6}
esri__searchable_relationship_106,esri__single_edge_collection/esri__searchable_relationship_106,Brewery/263336,Style/260591,_dMtPKfC-_y,{991B6A5E-52FB-409D-ADB0-E66920649425},searchable_relationship,{36FB873B-B4AB-439E-9A2C-FC4FFA8ECA34},Tom is now looking for a bigger house to live in.,Hurry up I'm not getting any younger!,106,{26CC329F-5619-4089-8850-3F6B4985256B}
esri__searchable_relationship_107,esri__single_edge_collection/esri__searchable_relationship_107,Brewery/261109,Style/260618,_dMtPKfC-_z,{BF7B71EB-8DA7-4FC5-86A6-556938D364B4},searchable_relationship,{3F017379-5AAD-48D1-8A1D-DFBEEEDD5C66},The devil made me do it!,Is football a sport?,107,{D3098515-1344-4800-8366-DCC3D2B95B75}
esri__searchable_relationship_108,esri__single_edge_collection/esri__searchable_relationship_108,Brewery/263687,Style/260686,_dMtPKfC-_0,{00E9C3BC-AEC7-4EFC-8031-05A649A6821E},searchable_relationship,{EC28FD88-14AD-4CCD-9A8B-893564E47930},Poland,Can you see the big white building over there?,108,{3DD7D055-01B1-44BA-97B3-A9BBC269BD72}
esri__searchable_relationship_109,esri__single_edge_collection/esri__searchable_relationship_109,Brewery/261268,Style/260396,_dMtPKf--Ak,{1318D05B-6BD0-4CEB-AB5E-D3208F321777},searchable_relationship,{0B68EF90-5234-4500-85B1-0DC3C872B407},Germany,That’s too bad you should have thought of that before!,109,{59ECD745-0CD7-4267-B8D6-BD948AC6AAB4}
esri__searchable_relationship_110,esri__single_edge_collection/esri__searchable_relationship_110,Brewery/264916,Style/260333,_dMtPKfC-_1,{AEB42243-2E69-40F5-BCDB-5ED77A388037},searchable_relationship,{0F4A10E3-C934-4FD1-8F7E-37E7AAAAFA6F},He threw up in the trash can!,United States,110,{9B33016F-0974-4794-9A5D-C314DE1F048C}
esri__searchable_relationship_111,esri__single_edge_collection/esri__searchable_relationship_111,Brewery/261978,Style/260618,_dMtPKfC-_2,{BF7B71EB-8DA7-4FC5-86A6-556938D364B4},searchable_relationship,{DF09070C-9880-4BD1-AC12-DB5A91AA84F2},Don't go there!,Belgium,111,{1314A434-DF6F-4330-9188-515660E7CB1B}
esri__searchable_relationship_112,esri__single_edge_collection/esri__searchable_relationship_112,Brewery/263609,Style/260543,_dMtPKf---r,{21F7E165-78C5-4383-BFC5-5C50E5AB1FCD},searchable_relationship,{7235193A-FC94-4935-A22A-CEEE71D39C79},Do you deliver to this address?,United States,112,{BA4C2ED5-557D-431B-9C67-3766C8CA90FD}
esri__searchable_relationship_113,esri__single_edge_collection/esri__searchable_relationship_113,Brewery/261565,Style/260489,_dMtPKe2--2,{B4BFAFB9-2943-4F15-BDDD-A579568F91D4},searchable_relationship,{A282F905-EDD0-421D-A168-68466CCD3129},Germany,United States,113,{CF75935B-20C9-45FF-8C42-86D59F9A3601}
esri__searchable_relationship_114,esri__single_edge_collection/esri__searchable_relationship_114,Brewery/264979,Style/260543,_dMtPKey--k,{21F7E165-78C5-4383-BFC5-5C50E5AB1FCD},searchable_relationship,{5EE57F97-558F-40E8-A6F2-5FB1C853F4DE},Portugal,France,114,{F53DCFD9-D936-4051-850D-16E5ECC4B822}
esri__searchable_relationship_115,esri__single_edge_collection/esri__searchable_relationship_115,Brewery/260797,Style/260692,_dMtPKfC-_3,{8BB50328-5D7C-4DC6-B333-199A30879C04},searchable_relationship,{67344C57-F89D-4867-8E26-C594A09DB6A8},When are you opening the door?,He threw up all over me!,115,{E6F5E026-C09B-4F2C-A2BD-FB236220458C}
esri__searchable_relationship_116,esri__single_edge_collection/esri__searchable_relationship_116,Brewery/263172,Style/260606,_dMtPKfC-_4,{920230B9-5324-42E3-BD76-D646CCC253A9},searchable_relationship,{E3A4750A-D9E2-4290-B56B-97173FF92BA1},He feels small next to him.,Why do you keep asking such an obvious question?,116,{0DAE1CA2-CEF6-4EC0-A02A-570C5CF73F04}
esri__searchable_relationship_117,esri__single_edge_collection/esri__searchable_relationship_117,Brewery/264229,Style/260618,_dMtPKe6-AO,{BF7B71EB-8DA7-4FC5-86A6-556938D364B4},searchable_relationship,{E167D1BC-855B-4680-9ACA-926309CCFED6},Belgium,Belgium,117,{4CCA4E37-773D-49A1-A81F-DBBC566BB199}
esri__searchable_relationship_118,esri__single_edge_collection/esri__searchable_relationship_118,Brewery/261427,Style/260731,_dMtPKey-AT,{B44B9774-D644-45F1-9E94-AF8DCEC952F8},searchable_relationship,{8FAD315E-0808-48E8-A406-703DBCA7D11D},Canada,Portugal,118,{E7C0E03D-7D5A-4F56-AE03-71A5902A95EB}
esri__searchable_relationship_119,esri__single_edge_collection/esri__searchable_relationship_119,Brewery/264985,Style/260558,_dMtPKfC-_5,{07FFF0A3-181D-4D31-99E0-7C206B189E8B},searchable_relationship,{4D592756-915E-424D-BF4C-100BF27492C3},United States,United States,119,{C1CE5CDC-BEA2-422F-A28E-FFA2B5C59D20}
esri__searchable_relationship_120,esri__single_edge_collection/esri__searchable_relationship_120,Brewery/261139,Style/260489,_dMtPKey--u,{B4BFAFB9-2943-4F15-BDDD-A579568F91D4},searchable_relationship,{120AC742-0F53-41AA-ABCE-12A7C2BDB141},Why not allow me to help you right now?,Would you like a nice big piece of apple pie?,120,{45866300-8CF8-4A85-8925-43AD568BA78C}
esri__searchable_relationship_121,esri__single_edge_collection/esri__searchable_relationship_121,Brewery/261013,Style/260603,_dMtPKey--_,{EAF64D13-4196-4803-B427-3724624A0358},searchable_relationship,{03B81091-7F37-44F0-AB85-5399B80B193C},United Kingdom,Portugal,121,{233B5655-6372-4210-A1FD-871416FE5878}
esri__searchable_relationship_122,esri__single_edge_collection/esri__searchable_relationship_122,Brewery/264907,Style/260327,_dMtPKfC-_6,{DE46E5CA-C265-4EED-AAD4-A4CFA48D169F},searchable_relationship,{278DA94F-A84C-41A1-97E5-0503DFF4908B},I would not want to be in that situation.,That class was so hard!,122,{F1D57B41-8FE2-401F-8DE7-0BFD1F0CFC3A}
esri__searchable_relationship_123,esri__single_edge_collection/esri__searchable_relationship_123,Brewery/264037,Style/260749,_dMtPKe6-AG,{60FBC4F2-EFE5-4F6B-9274-083AC45CB0B2},searchable_relationship,{C3988B0C-00A4-4559-8D75-05316BC41C75},Japan,I have a big house (learnaspossible).,123,{441489AB-CAD1-4A11-BB37-A8093E67D81C}
esri__searchable_relationship_124,esri__single_edge_collection/esri__searchable_relationship_124,Brewery/261691,Style/260537,_dMtPKfC--j,{9BCBDA11-8AB9-4476-855E-1E50125FC503},searchable_relationship,{3F3AE9F2-1E66-4D51-8F97-5426ED6A6E71},United States,I don't owe you anything.,124,{67AE77BF-6445-43FD-B8D8-6B2F17DD9783}
esri__searchable_relationship_125,esri__single_edge_collection/esri__searchable_relationship_125,Brewery/263300,Style/260528,_dMtPKe6-AK,{913B20D8-28A5-45B9-9A2E-86FC4F1D325F},searchable_relationship,{129142DD-587F-49F5-AF58-7869FB2DDBE4},Portugal,United Kingdom,125,{10B9D081-6221-4C93-86A2-0824EC0F5FF1}
esri__searchable_relationship_126,esri__single_edge_collection/esri__searchable_relationship_126,Brewery/264781,nuclear_facilities/3,_dMtPKey-BH,{AA773C3B-ACFE-4475-9C4C-0E341F3728D1},searchable_relationship,{2E11D480-B57B-4301-A527-5B1985B3F42B},Canada,Who wrote the famous book entitled “Treasure Island”?,126,{FB7908DB-D474-4D00-9957-A083733CB3AD}
esri__searchable_relationship_127,esri__single_edge_collection/esri__searchable_relationship_127,Brewery/264928,Style/260543,_dMtPKfC-_7,{21F7E165-78C5-4383-BFC5-5C50E5AB1FCD},searchable_relationship,{E8A99FC8-7E58-4CA3-BC62-808E6B1012A3},Belgium,United Kingdom,127,{14901867-5A49-41FA-AD06-1BF642D97020}
esri__searchable_relationship_128,esri__single_edge_collection/esri__searchable_relationship_128,Brewery/262602,Style/260399,_dMtPKe2--V,{5191D9E0-1F36-4B10-8A9E-2741D6C5E12C},searchable_relationship,{5F65657C-5A2A-4A15-B5DD-F308F06DC86A},Canada,United States,128,{E9FCAC5A-B951-4AEE-9E11-7562561F77A2}
esri__searchable_relationship_129,esri__single_edge_collection/esri__searchable_relationship_129,Brewery/264484,Style/260543,_dMtPKey-BD,{21F7E165-78C5-4383-BFC5-5C50E5AB1FCD},searchable_relationship,{8F8939CC-C1B9-4E29-B92C-C3EAB5227708},Canada,United States,129,{1AC41A6F-DF81-4BD1-A410-7FAF53D06970}
esri__searchable_relationship_130,esri__single_edge_collection/esri__searchable_relationship_130,Brewery/262983,Style/260354,_dMtPKf--BF,{05A6157D-7EDF-4719-ACCB-1DCA6F7FBE0B},searchable_relationship,{443B0AEE-5EFB-44B4-BBBF-00B570AC485D},United States,England,130,{E08DEEFC-F136-4F4E-B6D4-37E6FDD11624}
esri__searchable_relationship_131,esri__single_edge_collection/esri__searchable_relationship_131,Brewery/262845,Style/260606,_dMtPKfC-_8,{920230B9-5324-42E3-BD76-D646CCC253A9},searchable_relationship,{F6B528D7-A556-4B9B-8A1C-5A4501FBF598},The song was a big hit.,United States,131,{F4E2CBD5-3E80-4AE4-A709-ED18CE14D282}
esri__searchable_relationship_132,esri__single_edge_collection/esri__searchable_relationship_132,Brewery/263225,Style/260528,_dMtPKfC-_9,{913B20D8-28A5-45B9-9A2E-86FC4F1D325F},searchable_relationship,{DD60FA0E-D62D-41E4-B9A3-699C82095A7F},Does he write an email?,What kind of music do you like to listen to?,132,{387048FE-9EA7-4927-B5E9-F79E0888F269}
esri__searchable_relationship_133,esri__single_edge_collection/esri__searchable_relationship_133,Brewery/261625,Style/260558,_dMtPKe2-AV,{07FFF0A3-181D-4D31-99E0-7C206B189E8B},searchable_relationship,{D8909850-14CC-4E25-AE5F-316EDDFDAF39},United States,United States,133,{7D82E8CF-E534-444C-8134-74AE2C3FC5A5}
esri__searchable_relationship_134,esri__single_edge_collection/esri__searchable_relationship_134,Brewery/261586,Style/260713,_dMtPKf--AT,{54F6DB54-E528-4E65-84A1-493B71F0651A},searchable_relationship,{A0B00E48-06BA-4482-9977-660BD9D0C442},You're so basic!,What are your favorite foods? What are some foods you don’t like?,134,{CEEBC55D-6F7F-4E4E-A4A6-7ADF809E5B64}
esri__searchable_relationship_135,esri__single_edge_collection/esri__searchable_relationship_135,Brewery/262194,Style/260414,_dMtPKfC-A-,{48D263EE-8D16-4395-A58C-49366A283A61},searchable_relationship,{BE8C9307-AE08-40BC-BB58-9BD725509E13},What is your favorite sport and why?,Tom took a big bite out of Mary's sandwich.,135,{633B0E37-9903-4769-84FE-43C757D1A337}
esri__searchable_relationship_136,esri__single_edge_collection/esri__searchable_relationship_136,Brewery/262290,Style/260543,_dMtPKfC-A_,{21F7E165-78C5-4383-BFC5-5C50E5AB1FCD},searchable_relationship,{704B44E0-CAA8-48B5-BF5B-D7C40CABF0F0},You've taken a big risk.,United States,136,{04976A18-1657-4537-8394-172107C384EC}
esri__searchable_relationship_137,esri__single_edge_collection/esri__searchable_relationship_137,Brewery/261088,Style/260579,_dMtPKe2--R,{FB84A4C9-69CC-445E-A408-9A41373648C0},searchable_relationship,{1D2C4202-6113-4C08-B8EC-2EDF08EA640D},What's the weather like today?,the number of miraculous self-healings will rise.,137,{7945B30A-6825-446C-90AB-794952BD0D48}
esri__searchable_relationship_138,esri__single_edge_collection/esri__searchable_relationship_138,Brewery/262050,Style/260399,_dMtPKe2--N,{5191D9E0-1F36-4B10-8A9E-2741D6C5E12C},searchable_relationship,{E33357FE-7BA1-48F8-9D92-03377A3F1419},"The big, yellow bus came hurtling down the street.",Canada,138,{F33CB0AF-D468-47E1-A8A2-D6F8BDF53FCA}
esri__searchable_relationship_139,esri__single_edge_collection/esri__searchable_relationship_139,Brewery/264907,Style/260342,_dMtPKfC-AA,{1FE1ED17-03BA-4784-AC55-9E0B4668BA7A},searchable_relationship,{6A0FCEF2-733C-4332-AE9D-0AD68499965E},What a big boy he is!,Canada,139,{F1D57B41-8FE2-401F-8DE7-0BFD1F0CFC3A}
esri__searchable_relationship_140,esri__single_edge_collection/esri__searchable_relationship_140,Brewery/262296,Style/260411,_dMtPKe6-_R,{CFFF659C-029E-499B-ABD4-0868D4F3517C},searchable_relationship,{F3079D22-6CBC-4F54-880E-897926C43BE2},Is that a pencil?,Don’t open the door!,140,{D0E9F8BB-E50D-44B7-A0DE-76A29E1BA367}
esri__searchable_relationship_141,esri__single_edge_collection/esri__searchable_relationship_141,Brewery/264064,Style/260408,_dMtPKey--P,{115D4024-E3BB-4DCF-AEAF-480BE6CBE848},searchable_relationship,{E80D72A8-9B5F-49AF-BE4F-B524E6021490},Portugal,You are so disgraceful I can't even believe it!,141,{29183596-4CC2-4189-946B-B1F837019781}
esri__searchable_relationship_142,esri__single_edge_collection/esri__searchable_relationship_142,Brewery/261010,nuclear_facilities/4,_dMtPKfC-AB,{39B72D9B-5231-421C-A5B5-CAD28CDC439B},searchable_relationship,{0F6EB3A7-45CA-46B2-8B79-F1B7F20B66F9},Poland,Canada,142,{BF231467-3AA3-4411-9700-8DFDEF229C58}
esri__searchable_relationship_143,esri__single_edge_collection/esri__searchable_relationship_143,Brewery/263444,Style/260606,_dMtPKfC-AC,{920230B9-5324-42E3-BD76-D646CCC253A9},searchable_relationship,{90C2D3D0-1D4A-4824-A36B-803D9F94F558},United Kingdom,Are you going to have a blue birthday cake for your next birthday?,143,{CF498F63-457A-487D-A5CA-8E3261C5387B}
esri__searchable_relationship_144,esri__single_edge_collection/esri__searchable_relationship_144,Brewery/260995,Style/260441,_dMtPKf--BM,{2359EFDE-4D51-4559-9DBA-3554221B9E36},searchable_relationship,{098C7A57-8018-434A-AEEA-A87316DA0AE4},What do you desire me to do?,Could this be the start of something big?,144,{EFA04F4A-9655-4974-BA87-47E46EF62F0D}
esri__searchable_relationship_145,esri__single_edge_collection/esri__searchable_relationship_145,Brewery/263474,Style/260731,_dMtPKfC-AD,{B44B9774-D644-45F1-9E94-AF8DCEC952F8},searchable_relationship,{8313E861-C92C-48BA-A17F-5404692C49B3},How do you say that in English?,United States,145,{DFF62E4D-2CF1-49B1-B5BB-99B455EF8CCB}
esri__searchable_relationship_146,esri__single_edge_collection/esri__searchable_relationship_146,Brewery/262296,Style/260713,_dMtPKfC-AE,{54F6DB54-E528-4E65-84A1-493B71F0651A},searchable_relationship,{5EAC29C1-53AA-49FA-A746-9C7EA3EB75E7},The camping trip was so awesome that I didn't want to come home.,"Shut up already, I am speaking!",146,{D0E9F8BB-E50D-44B7-A0DE-76A29E1BA367}
esri__searchable_relationship_147,esri__single_edge_collection/esri__searchable_relationship_147,Brewery/262497,Style/260627,_dMtPKey--c,{78A9F2EA-C9D6-4FEF-BFFC-D6593D418BAA},searchable_relationship,{F543BF2D-7C7E-442A-8A58-D15BEEECAE95},I don't like big cities.,I like articles deemed fake news because they are entertaining.,147,{F11A716F-1776-46BF-8768-023B8E998F1D}
esri__searchable_relationship_148,esri__single_edge_collection/esri__searchable_relationship_148,Brewery/262662,Style/260336,_dMtPKe6--P,{5721CF73-6527-4BA1-A108-387A1A41E2CC},searchable_relationship,{45A0BAE8-B4EC-4FB2-9B43-CA6322557BA8},Belgium,What do you desire me to do?,148,{6722C411-0C11-4DEE-8044-DDF262ECF4D3}
esri__searchable_relationship_149,esri__single_edge_collection/esri__searchable_relationship_149,Brewery/260932,Style/260570,_dMtPKfC-AF,{616EE94E-E0A2-42D5-86F5-C18BD226A1E6},searchable_relationship,{FBD40A38-1AA9-4926-BF9C-03C8E4071712},Portugal,United States,149,{36F816C9-6624-4450-B0E6-B1DEC6B6C869}
esri__searchable_relationship_150,esri__single_edge_collection/esri__searchable_relationship_150,Brewery/261559,Style/260710,_dMtPKfC-AG,{89B3AA9A-6655-492E-BD11-B9845293D2BD},searchable_relationship,{6125F6F4-A2A1-4F13-BAF6-B3345110E5E3},Portugal,United States,150,{408172C5-89EB-416F-B7E7-C8587384140B}
esri__searchable_relationship_151,esri__single_edge_collection/esri__searchable_relationship_151,Brewery/262704,nuclear_facilities/4,_dMtPKfC-AH,{39B72D9B-5231-421C-A5B5-CAD28CDC439B},searchable_relationship,{06B92244-A8B9-4968-8D33-A5F3542CB3A9},United Kingdom,Have you opened the door?,151,{D8547D6A-C4A4-49A2-B0CE-050A5E4D0FA1}
esri__searchable_relationship_152,esri__single_edge_collection/esri__searchable_relationship_152,Brewery/264949,Style/260579,_dMtPKf--A3,{FB84A4C9-69CC-445E-A408-9A41373648C0},searchable_relationship,{B272E856-3647-4312-B6FC-E324C41C9A69},Canada,Do you have any more big ones?,152,{0316BA72-B715-4A2A-9728-793070FD52C1}
esri__searchable_relationship_153,esri__single_edge_collection/esri__searchable_relationship_153,Brewery/261727,Style/260423,_dMtPKfC-AI,{5259545C-F681-48B7-8A05-77502B8E09C0},searchable_relationship,{862553F4-A662-4C98-BA6E-ECE624A7745C},Are we not on the same page?,That makes a big difference doesn't it?,153,{4648A0E3-E765-41A9-954C-02C6EC5ACB0F}
esri__searchable_relationship_154,esri__single_edge_collection/esri__searchable_relationship_154,Brewery/260782,Style/260471,_dMtPKey-A-,{8D868F48-6AD8-452A-A3F0-C3D1FD0AAE2E},searchable_relationship,{C08FE63B-6A0D-4B9B-9191-670A5EC694DC},United States,I have fewer brothers than you.,154,{07EAF92B-AF65-4B79-B361-54948A2A2296}
esri__searchable_relationship_155,esri__single_edge_collection/esri__searchable_relationship_155,Brewery/264994,Style/260408,_dMtPKfC-AJ,{115D4024-E3BB-4DCF-AEAF-480BE6CBE848},searchable_relationship,{44EF16FD-7736-4A23-BBF0-1A344AE1EDAE},Have you ever crossed a river as big as this one?,United States,155,{8B14288B-D238-45AD-B396-ABCB8ACA1AF8}
esri__searchable_relationship_156,esri__single_edge_collection/esri__searchable_relationship_156,Brewery/263792,Style/260336,_dMtPKfC-AK,{5721CF73-6527-4BA1-A108-387A1A41E2CC},searchable_relationship,{BE6C5F61-B1ED-415E-9A99-BED82374FF1C},I begin to dress.,United Kingdom,156,{EE506733-06E2-43F9-92B7-3A60ACD79DA2}
esri__searchable_relationship_157,esri__single_edge_collection/esri__searchable_relationship_157,Brewery/261586,Style/260591,_dMtPKf--A5,{991B6A5E-52FB-409D-ADB0-E66920649425},searchable_relationship,{F34FCE4A-470E-4165-92CF-B4FE8987F3DE},United States,I miss my boyfriend.,157,{CEEBC55D-6F7F-4E4E-A4A6-7ADF809E5B64}
esri__searchable_relationship_158,esri__single_edge_collection/esri__searchable_relationship_158,Brewery/262770,Style/260558,_dMtPKey--g,{07FFF0A3-181D-4D31-99E0-7C206B189E8B},searchable_relationship,{2370B755-12AB-478B-A07D-79EB2202C771},May I have some water?,What animal would you be and why?,158,{E03FE709-70B7-4EE5-B9E0-7590CF9518C4}
esri__searchable_relationship_159,esri__single_edge_collection/esri__searchable_relationship_159,Brewery/262116,Style/260692,_dMtPKfC-AL,{8BB50328-5D7C-4DC6-B333-199A30879C04},searchable_relationship,{FD02861D-EBB7-444A-BA8E-4A5E759181F8},United States,What time do you get up every day?,159,{B1917361-C4B9-48A8-A34A-7A7BB810A762}
esri__searchable_relationship_160,esri__single_edge_collection/esri__searchable_relationship_160,Brewery/262656,Style/260489,_dMtPKfC-AM,{B4BFAFB9-2943-4F15-BDDD-A579568F91D4},searchable_relationship,{FC28B9A5-4670-4176-A67F-5B0C155439AE},Canada,They're a guerilla movement.,160,{F73CC8BE-3F2F-4DF2-9F8A-2FA65C95165C}
esri__searchable_relationship_161,esri__single_edge_collection/esri__searchable_relationship_161,Brewery/264601,Style/260495,_dMtPKfC--h,{B61EA26A-895D-4F8E-8909-F0BDE5264A80},searchable_relationship,{249E18E4-18D8-478F-9F79-0994E617FB7D},He opens the door.,Canada,161,{B013E9FA-188C-47F6-B2CC-176AC7CF88B1}
esri__searchable_relationship_162,esri__single_edge_collection/esri__searchable_relationship_162,Brewery/262671,Style/260399,_dMtPKfC--f,{5191D9E0-1F36-4B10-8A9E-2741D6C5E12C},searchable_relationship,{B9132D93-03AA-47C0-B101-4719C127DE0C},Canada,Belgium,162,{653EB05A-E99A-49EB-A30B-A3ACD4DF5307}
esri__searchable_relationship_163,esri__single_edge_collection/esri__searchable_relationship_163,Brewery/260854,Style/260423,_dMtPKf--BK,{5259545C-F681-48B7-8A05-77502B8E09C0},searchable_relationship,{2E6A07E3-D86B-4EB1-86DA-2468BBDA024F},Australia,Belgium,163,{CE8D9A0E-5E3C-4C99-BEE8-203D263258F6}
esri__searchable_relationship_164,esri__single_edge_collection/esri__searchable_relationship_164,Brewery/262035,Style/260513,_dMtPKf--BI,{4D52100F-9366-45BA-95F4-33F7E04608BC},searchable_relationship,{1C8FC03D-3D19-41A1-B736-26D3D69D85E1},I wouldn’t be surprised if Peter asks Jill to marry him.,Canada,164,{B182AE11-8B3E-41AC-A5BD-AEC9653BFD9D}
esri__searchable_relationship_165,esri__single_edge_collection/esri__searchable_relationship_165,Brewery/261109,Style/260749,_dMtPKfC-AN,{60FBC4F2-EFE5-4F6B-9274-083AC45CB0B2},searchable_relationship,{130DD582-BD9A-493D-BD74-E76880CAF1C0},Are you all right?,Belgium,165,{D3098515-1344-4800-8366-DCC3D2B95B75}
esri__searchable_relationship_166,esri__single_edge_collection/esri__searchable_relationship_166,Brewery/264697,Style/260441,_dMtPKfC-AO,{2359EFDE-4D51-4559-9DBA-3554221B9E36},searchable_relationship,{C65D9876-048B-4176-BA7F-B315B772A2CF},United States,What a big pumpkin!,166,{385C1AFC-F6EC-431F-8BEF-4551AC2A6E10}
esri__searchable_relationship_167,esri__single_edge_collection/esri__searchable_relationship_167,Brewery/263330,Style/260692,_dMtPKfC--d,{8BB50328-5D7C-4DC6-B333-199A30879C04},searchable_relationship,{9128BED7-B629-4116-966E-888ED4A74AB3},What a big dog!,Germany,167,{7F049D2D-A6C2-4C3B-B2E4-08EE529E91F7}
esri__searchable_relationship_168,esri__single_edge_collection/esri__searchable_relationship_168,Brewery/262005,Style/260570,_dMtPKfC-AP,{616EE94E-E0A2-42D5-86F5-C18BD226A1E6},searchable_relationship,{2A8ED2CD-DA0B-42CF-AEB5-6858E2C5A8D6},France,quick trip back to Tennessee for the weekend!,168,{391EC19D-C749-4DB1-BC91-1CA9D372E768}
esri__searchable_relationship_169,esri__single_edge_collection/esri__searchable_relationship_169,Brewery/260875,Style/260513,_dMtPKfC-AQ,{4D52100F-9366-45BA-95F4-33F7E04608BC},searchable_relationship,{CA1B43E2-C2EC-4DDE-A0E6-BAAA9E1C7751},Hold on I need at least a few minutes!,What is it?,169,{FF970AF0-EF90-498C-902F-64E98B997C59}
esri__searchable_relationship_170,esri__single_edge_collection/esri__searchable_relationship_170,Brewery/260995,nuclear_facilities/2,_dMtPKfC-AR,{AFF91030-B1F7-4D81-B34F-3835A4E96A02},searchable_relationship,{464AAC8A-01AC-4278-B5DC-06FCEEA7D0F9},You want to grow up to be big and strong like Tom don't you?,Tom caught a big trout.,170,{EFA04F4A-9655-4974-BA87-47E46EF62F0D}
esri__searchable_relationship_171,esri__single_edge_collection/esri__searchable_relationship_171,Brewery/261658,nuclear_facilities/4,_dMtPKe6-_N,{39B72D9B-5231-421C-A5B5-CAD28CDC439B},searchable_relationship,{04523180-5A55-482B-B5DB-62B59694F17E},United States,Toothpaste will help keep your teeth clean.,171,{BF8D3DC1-D53D-4949-8BB9-691347DC58CF}
esri__searchable_relationship_172,esri__single_edge_collection/esri__searchable_relationship_172,Brewery/260968,Style/260528,_dMtPKf---f,{913B20D8-28A5-45B9-9A2E-86FC4F1D325F},searchable_relationship,{E6D9D52A-63D7-44C5-BCAF-F8C3FC88F9AF},United States,Canada,172,{C1B3D82E-F02D-4311-A4FD-BD87FEB6A0C4}
esri__searchable_relationship_173,esri__single_edge_collection/esri__searchable_relationship_173,Brewery/262569,Style/260411,_dMtPKf--_1,{CFFF659C-029E-499B-ABD4-0868D4F3517C},searchable_relationship,{8B5C323F-FBE4-44D6-8B59-ECE875747F12},United States,United States,173,{70BE6B69-6A9A-4914-929C-6D39BBAFDAB6}
esri__searchable_relationship_174,esri__single_edge_collection/esri__searchable_relationship_174,Brewery/261718,Style/260471,_dMtPKf---d,{8D868F48-6AD8-452A-A3F0-C3D1FD0AAE2E},searchable_relationship,{9BB9A468-4F95-408E-ABFD-D5D45A718126},What is that?,Denmark,174,{F5A65D2C-DB25-45EE-B03B-C9DFB8BC40CD}
esri__searchable_relationship_175,esri__single_edge_collection/esri__searchable_relationship_175,Brewery/262983,Style/260336,_dMtPKe2-BL,{5721CF73-6527-4BA1-A108-387A1A41E2CC},searchable_relationship,{36AFB804-E69D-431B-BF9B-269A664CF454},United States,What a pity.,175,{E08DEEFC-F136-4F4E-B6D4-37E6FDD11624}
esri__searchable_relationship_176,esri__single_edge_collection/esri__searchable_relationship_176,Brewery/260962,Style/260513,_dMtPKe6--t,{4D52100F-9366-45BA-95F4-33F7E04608BC},searchable_relationship,{1F93B812-9231-4326-A759-F796A8CB9AC3},May I offer a suggestion?,What a big eater he is!,176,{E4F536BB-C4A6-4961-B638-D02BAEE2F014}
esri__searchable_relationship_177,esri__single_edge_collection/esri__searchable_relationship_177,Brewery/263073,Style/260327,_dMtPKey-AM,{DE46E5CA-C265-4EED-AAD4-A4CFA48D169F},searchable_relationship,{F79DA911-F829-4C45-BDF5-E8A6E361F1CB},Belgium,India,177,{5205C88A-AF81-43FB-8AB6-20CFA31DBA87}
esri__searchable_relationship_178,esri__single_edge_collection/esri__searchable_relationship_178,Brewery/263276,Style/260513,_dMtPKe2-BG,{4D52100F-9366-45BA-95F4-33F7E04608BC},searchable_relationship,{929EE226-E927-4DC2-8F7F-46DB2994472C},Do you have a big bowl I can borrow?,Austria,178,{10CEF6A6-327C-4716-A1FA-291FA2745847}
esri__searchable_relationship_179,esri__single_edge_collection/esri__searchable_relationship_179,Brewery/262971,Style/260495,_dMtPKfC-AS,{B61EA26A-895D-4F8E-8909-F0BDE5264A80},searchable_relationship,{90B43B1E-1D46-42EF-88F6-1307843B3B71},Australia,Canada,179,{835578B6-C496-4DFD-9B0A-09F639BEFAD8}
esri__searchable_relationship_180,esri__single_edge_collection/esri__searchable_relationship_180,Brewery/260896,Style/260582,_dMtPKe2-AY,{262FE051-FD9C-414E-8150-6B0C6AC76892},searchable_relationship,{5181B236-B26A-41FF-BEF5-AFE0E01DD8D0},United States,United States,180,{C5479051-5573-4C79-8149-534BBC20CE69}
esri__searchable_relationship_181,esri__single_edge_collection/esri__searchable_relationship_181,Brewery/264070,Style/260567,_dMtPKfC--B,{582D1F33-6408-4AF7-B5F0-62BDBCE273AB},searchable_relationship,{50D9FB50-6C28-49ED-9481-7DCC9D6B5C60},The gum was stuck under the desk and I couldn't get it off.,Tom has a big box of stuff in my attic.,181,{BD4AF4D2-F4DA-40A0-97E7-48736B5828DC}
esri__searchable_relationship_182,esri__single_edge_collection/esri__searchable_relationship_182,Brewery/263630,nuclear_facilities/1,_dMtPKfC--_,{B0980766-030D-4598-9C45-4CF4A0DCE45A},searchable_relationship,{1A09EEB6-8BAE-43F8-A0AE-15BB79572A86},Sometimes I get confused where the ball went.,United States,182,{A1CF3403-9C78-4FBC-89F7-8B0F72E336A6}
esri__searchable_relationship_183,esri__single_edge_collection/esri__searchable_relationship_183,Brewery/263954,Style/260695,_dMtPKfC-_I,{AE26CF4F-188C-4E0C-AB75-133117932779},searchable_relationship,{35EC9874-0A27-4AD8-9D0B-0D3E76A24A56},Very good job I am so proud of you!,Portugal,183,{56F297B1-0A30-4575-ADD4-5B2C0F043154}
esri__searchable_relationship_184,esri__single_edge_collection/esri__searchable_relationship_184,Brewery/262404,Style/260606,_dMtPKe2--B,{920230B9-5324-42E3-BD76-D646CCC253A9},searchable_relationship,{284EB643-4CD2-4D98-BDEE-7642D4FA8E9C},He reminds me of his brother.,Why is your cat so big?,184,{B3F68ED6-1D7B-4C5D-9C21-CAAAD817B429}
esri__searchable_relationship_185,esri__single_edge_collection/esri__searchable_relationship_185,Brewery/261613,Style/260570,_dMtPKfC-AT,{616EE94E-E0A2-42D5-86F5-C18BD226A1E6},searchable_relationship,{AC8C1608-A685-4D46-964B-5E0B47DD7478},What do you desire me to do?,Portugal,185,{F0C70D7B-670F-4A3A-BF78-CA0C85C1BA20}
esri__searchable_relationship_186,esri__single_edge_collection/esri__searchable_relationship_186,Brewery/262203,Style/260603,_dMtPKfC-AU,{EAF64D13-4196-4803-B427-3724624A0358},searchable_relationship,{795CD721-1EC5-4D02-B985-68F4458CAEB0},How do you say that in English?,Do you understand?,186,{4442BC35-4160-40C2-987B-5CA6D3ED7B3C}
esri__searchable_relationship_187,esri__single_edge_collection/esri__searchable_relationship_187,Brewery/262602,Style/260423,_dMtPKfC-AV,{5259545C-F681-48B7-8A05-77502B8E09C0},searchable_relationship,{77A62270-12DA-4B8A-B7FF-5FA4D4BFF3C1},The camping trip was so awesome that I didn't want to come home.,What is your favorite holiday and why?,187,{E9FCAC5A-B951-4AEE-9E11-7562561F77A2}
esri__searchable_relationship_188,esri__single_edge_collection/esri__searchable_relationship_188,Brewery/261427,nuclear_facilities/3,_dMtPKfC--Z,{AA773C3B-ACFE-4475-9C4C-0E341F3728D1},searchable_relationship,{6FAEDEFD-2E8B-450C-A639-B23626E3C3E2},I don't like big cities.,How big a problem is it?,188,{E7C0E03D-7D5A-4F56-AE03-71A5902A95EB}
esri__searchable_relationship_189,esri__single_edge_collection/esri__searchable_relationship_189,Brewery/264421,Style/260414,_dMtPKf--B_,{48D263EE-8D16-4395-A58C-49366A283A61},searchable_relationship,{5F9CA757-F418-4FD5-B042-18981C0465C3},What do you desire me to do?,United States,189,{2B486EB3-785F-47CA-9C65-7A63E5E2073F}
esri__searchable_relationship_190,esri__single_edge_collection/esri__searchable_relationship_190,Brewery/264922,Style/260423,_dMtPKfG---,{5259545C-F681-48B7-8A05-77502B8E09C0},searchable_relationship,{FC9CB06A-2358-4074-BAC0-D8E2A462BB83},How do you say that in English?,It was the most exciting match I’ve ever seen.,190,{BEB8131F-AD57-4B66-BFB3-FF17D3C27EE3}
esri__searchable_relationship_191,esri__single_edge_collection/esri__searchable_relationship_191,Brewery/260908,Style/260710,_dMtPKfG--_,{89B3AA9A-6655-492E-BD11-B9845293D2BD},searchable_relationship,{801AA31A-7F30-4064-AE3D-3C108FD0E997},The camping trip was so awesome that I didn't want to come home.,"If you could buy anything you wanted, what would you buy?",191,{747C0EF4-E6C5-4499-A7C3-B4449F571D90}
esri__searchable_relationship_192,esri__single_edge_collection/esri__searchable_relationship_192,Brewery/264430,nuclear_facilities/1,_dMtPKfG--A,{B0980766-030D-4598-9C45-4CF4A0DCE45A},searchable_relationship,{A886A6FB-3FCC-4273-B2A3-AAFF4D378356},I don't like big cities.,United States,192,{7FC2E45A-605A-4E8F-BC91-F1B8EFEFDA7B}
esri__searchable_relationship_193,esri__single_edge_collection/esri__searchable_relationship_193,Brewery/263570,Style/260582,_dMtPKf---0,{262FE051-FD9C-414E-8150-6B0C6AC76892},searchable_relationship,{302CFF15-978C-43D0-B6CF-7D3F70AC7017},What do you desire me to do?,Don't go there!,193,{8C5E628B-72D4-48C4-960E-6A309E68BD49}
esri__searchable_relationship_194,esri__single_edge_collection/esri__searchable_relationship_194,Brewery/262839,nuclear_facilities/3,_dMtPKfC-_V,{AA773C3B-ACFE-4475-9C4C-0E341F3728D1},searchable_relationship,{8E34F257-024F-4A7A-B570-CD316CBBBE1A},How do you say that in English?,Could you tell me the way to the station?,194,{DEE8A2E3-0F33-4A6B-A755-2D649A51525E}
esri__searchable_relationship_195,esri__single_edge_collection/esri__searchable_relationship_195,Brewery/260935,Style/260408,_dMtPKfC-_T,{115D4024-E3BB-4DCF-AEAF-480BE6CBE848},searchable_relationship,{02E6CDBA-178D-48D5-A888-311B964A449E},The camping trip was so awesome that I didn't want to come home.,You don't have to make a big deal out of it.,195,{53A7BAED-EBE5-4A2F-9D98-538F2F31ED1C}
esri__searchable_relationship_196,esri__single_edge_collection/esri__searchable_relationship_196,Brewery/264688,Style/260731,_dMtPKfG--B,{B44B9774-D644-45F1-9E94-AF8DCEC952F8},searchable_relationship,{4694280E-001B-437A-AEDA-CA19D0499E8E},I don't like big cities.,He's dead Jim!,196,{04208F16-C287-4BA6-AA98-863DD799C36E}
esri__searchable_relationship_197,esri__single_edge_collection/esri__searchable_relationship_197,Brewery/261763,nuclear_facilities/4,_dMtPKf--AZ,{39B72D9B-5231-421C-A5B5-CAD28CDC439B},searchable_relationship,{447D2A4E-40F2-422A-90C3-DF0DB599BF28},United Kingdom,Canada,197,{B8422F80-61CE-4C7B-9BD3-7BCC2F305886}
esri__searchable_relationship_198,esri__single_edge_collection/esri__searchable_relationship_198,Brewery/263765,Style/260333,_dMtPKf--_d,{AEB42243-2E69-40F5-BCDB-5ED77A388037},searchable_relationship,{6B0551EE-2E79-46DD-9F21-544F5BEE90D2},Canada,Belgium,198,{F35EDD56-10BA-45EB-8784-B7FF7F270BC7}
esri__searchable_relationship_199,esri__single_edge_collection/esri__searchable_relationship_199,Brewery/262158,Style/260354,_dMtPKf---w,{05A6157D-7EDF-4719-ACCB-1DCA6F7FBE0B},searchable_relationship,{80BC0C21-9690-4D13-843A-7636DEAEC719},Australia,How big a problem is it?,199,{2BED47B7-9179-47E1-A6DB-8492030D5F9C}
esri__searchable_relationship_200,esri__single_edge_collection/esri__searchable_relationship_200,Brewery/263534,Style/260686,_dMtPKfG--C,{00E9C3BC-AEC7-4EFC-8031-05A649A6821E},searchable_relationship,{CD149D70-531E-43D8-A6CE-F1648373207D},He has a big truck.,United States,200,{8FC83770-30C0-4D9D-ABD3-8CBCD0C54244}
